Retweet_Count,Tweet
66716,"RT @binance: ğŸ’° $10,000 giveaway ğŸ’°
 
Post your #BitcoinButton result to enter!
 
Rules:
ğŸ”¸ Retweet this post
ğŸ”¸ Follow @Binance
ğŸ”¸ Play #Bitcoiâ€¦"
6947,"RT @SinaOsivand: Patience is the key âœŒï¸

#LaqiraProtocol #Laqira $LQR #NFTs 
#Metaverse #Bitcoin"
4716,RT @BlackBearFi: We are excited to announce that our project is going live within months. ğŸŒ² If you want a chance to win 100 $matic enter thâ€¦
2381,"RT @Steam_Exchange: The #SteamExchange ecosystem is designed to be your one-stop-shop solution for all things digital assets. 

Weâ€™re buildâ€¦"
993,"RT @ashwsbreal: If #Bitcoin doesnâ€™t hit $50,000 by  tomorrow I will give $3,000 to one of my followers."
